Final Accuracy,Runtime (s),Final Loss,Average Uncertainty
0.988,693.6873850822449,0.053257338764497765,0.000523008
